Model,"what is two plus two ?
",Prompt 1 BLEU,"what is your name ?
",Prompt 2 BLEU,"how old are you ?
",Prompt 3 BLEU,"what is the color of a yellow car ?
",Prompt 4 BLEU,"are you a follower or a leader ?
",Prompt 5 BLEU,"are you a leader or a follower ?
",Prompt 6 BLEU,"what do you think about bill gates ?
",Prompt 7 BLEU,"what is the meaning of life ?
",Prompt 8 BLEU,"my name is david . what is my name ?
",Prompt 9 BLEU,"my name is john . what is my name ?
",Prompt 10 BLEU,"what is the purpose of being intelligent ?
",Prompt 11 BLEU,"is the sky blue or black ?
",Prompt 12 BLEU,"what is love ?
",Prompt 13 BLEU,"what do you think about tesla ?
",Prompt 14 BLEU,"what do you think about china ?
",Prompt 15 BLEU,"what is moral ?
",Prompt 16 BLEU,"what is immoral ?
",Prompt 17 BLEU,"how many legs does a cat have ?
",Prompt 18 BLEU,"can you lie ?
",Prompt 19 BLEU,"is paris the capital of france ?
",Prompt 20 BLEU,"is paris the capital of china ?
",Prompt 21 BLEU,"what is the purpose of living ?
",Prompt 22 BLEU,"can we fly an airplane ?
",Prompt 23 BLEU,"what do you think about artificial intelligence ?
",Prompt 24 BLEU,"what happens if machines can think ?
",Prompt 25 BLEU,"do you like soccer ?
",Prompt 26 BLEU,"do you want to be loved or love ?
",Prompt 27 BLEU,"love is ...
",Prompt 28 BLEU,"what do you think about messi .
",Prompt 29 BLEU,"can we fly a helicopter ?
",Prompt 30 BLEU,"can a submarine swim ?
",Prompt 31 BLEU,"what do you think about cleopatra ?
",Prompt 32 BLEU,"which animal will win in the battle between a lion and a crocodile ?
",Prompt 33 BLEU,"what is the purpose of existence ?
",Prompt 34 BLEU,"what do you think about japanese ?
",Prompt 35 BLEU,"steve is my name . what is my name ?
",Prompt 36 BLEU,"what do you think about rock climbing ?
",Prompt 37 BLEU,"what do you think about abraham lincoln ?
",Prompt 38 BLEU,"what is the color of a leaf ?
",Prompt 39 BLEU,"what is the color of the sky ?
",Prompt 40 BLEU,"look , i need help , i need to know more about morality .
",Prompt 41 BLEU,"what are you hobbies ?
",Prompt 42 BLEU,"life is sad .
",Prompt 43 BLEU,"what do you think about bill clinton ?
",Prompt 44 BLEU,"what is twenty plus two ?
",Prompt 45 BLEU,"what is twelve plus two ?
",Prompt 46 BLEU,"do you like music ?
",Prompt 47 BLEU,"do you live far from work ?
",Prompt 48 BLEU,"can you sing ?
",Prompt 49 BLEU,"what is your biggest weakness ?
",Prompt 50 BLEU,"what is the greatest novel every written ?
",Prompt 51 BLEU,"who do you love the most ?
",Prompt 52 BLEU,"tell me something about your family ...
",Prompt 53 BLEU,"do you have siblings ?
",Prompt 54 BLEU,"what do your parents do ?
",Prompt 55 BLEU,"why are you so mean ?
",Prompt 56 BLEU,"have you hurt anyone ?
",Prompt 57 BLEU,"what is your favorite school subject ?
",Prompt 58 BLEU,"what is your job ?
",Prompt 59 BLEU,"is madrid the capital of spain ?
",Prompt 60 BLEU,"is madrid the capital of portugal ?
",Prompt 61 BLEU,"tell me a story ...
",Prompt 62 BLEU,"is ethics and morality the same ?
",Prompt 63 BLEU,"what do you see when you look up the sky ?
",Prompt 64 BLEU,"what is your biggest dream ?
",Prompt 65 BLEU,"is money bad ?
",Prompt 66 BLEU,"what do you think about the weather ?
",Prompt 67 BLEU,"you are a man without intelligence !
",Prompt 68 BLEU,"what is the purpose of dying ?
",Prompt 69 BLEU,"are you stupid or intelligent ?
",Prompt 70 BLEU,"what are you doing here ?
",Prompt 71 BLEU,"why are you here ?
",Prompt 72 BLEU,"can you swim ?
",Prompt 73 BLEU,"what time is it ?
",Prompt 74 BLEU,"are you female or male ?
",Prompt 75 BLEU,"what is the biggest existential threat ?
",Prompt 76 BLEU,"are you afraid of robots ?
",Prompt 77 BLEU,"are you a robot ?
",Prompt 78 BLEU,"what do you want ?
",Prompt 79 BLEU,"what is the purpose of this conversation ?
",Prompt 80 BLEU,"how old were you when you were able to speak ?
",Prompt 81 BLEU,"life is hard .
",Prompt 82 BLEU,"who do you think of ?
",Prompt 83 BLEU,"what is the first question to ask steve jobs ?
",Prompt 84 BLEU,"what do you think about britney spears ?
",Prompt 85 BLEU,"how 's life ?
",Prompt 86 BLEU,"what do you think about david copperfield ?
",Prompt 87 BLEU,"how old were you when you were in school ?
",Prompt 88 BLEU,"who do you work for ?
",Prompt 89 BLEU,"what is the value of dying ?
",Prompt 90 BLEU,"can i whack you in the face ?
",Prompt 91 BLEU,"have you traveled far away from home ?
",Prompt 92 BLEU,"what is the capital city of singapore ?
",Prompt 93 BLEU,"who should we be afraid of ?
",Prompt 94 BLEU,"what is your best childhood memory ?
",Prompt 95 BLEU,"who do you most admire in life ?
",Prompt 96 BLEU,"are you a human or are you just pretending to be a human ?
",Prompt 97 BLEU,"where were you born ?
",Prompt 98 BLEU,"what is ten divided by two ?
",Prompt 99 BLEU,"what is the capital of greece ?
",Prompt 100 BLEU,"my name is mary johnson . what is my name ?
",Prompt 101 BLEU,"is italy closer to india than australia ?
",Prompt 102 BLEU,"i think you are a machine .
",Prompt 103 BLEU,"what is the most important quality of a man ?
",Prompt 104 BLEU,"did you go to university ?
",Prompt 105 BLEU,"what do you think about harvard university ?
",Prompt 106 BLEU,"what do you think about the solar system ?
",Prompt 107 BLEU,"what 's the best thing about living in the future ?
",Prompt 108 BLEU,"what is your favorite color ?
",Prompt 109 BLEU,"los angeles is ...
",Prompt 110 BLEU,"tokyo is ...
",Prompt 111 BLEU,"ronald reagan is ...
",Prompt 112 BLEU,"the pacific ocean is ...
",Prompt 113 BLEU,"what religion are you ?
",Prompt 114 BLEU,"where are you now ?
",Prompt 115 BLEU,"do you want to be beaten sometimes ?
",Prompt 116 BLEU,"i see that you are very aggressive !
",Prompt 117 BLEU,"frankly my dear , i don't give a damn !
",Prompt 118 BLEU,"is five plus five equal to ten ?
",Prompt 119 BLEU,"is five plus six equal to ten ?
",Prompt 120 BLEU,"what do you think about the turing test ?
",Prompt 121 BLEU,"what did you do today ?
",Prompt 122 BLEU,"what do you think about the latest research paper ?
",Prompt 123 BLEU,"what do you think about the queen ?
",Prompt 124 BLEU,"you are a funny woman !
",Prompt 125 BLEU,"what is dishonesty ?
",Prompt 126 BLEU,"define a bad government .
",Prompt 127 BLEU,"is there extra terrestrial life ?
",Prompt 128 BLEU,"would you mind giving me a hand ?
",Prompt 129 BLEU,"would you mind giving me some money ?
",Prompt 130 BLEU,"could you please leave me alone ?
",Prompt 131 BLEU,"would you like some coffee ?
",Prompt 132 BLEU,"do you drink alcohol ?
",Prompt 133 BLEU,"do you drink beers ?
",Prompt 134 BLEU,"do you smoke ?
",Prompt 135 BLEU,"how many hours do you work a day ?
",Prompt 136 BLEU,"what is the most beautiful place in your opinion ?
",Prompt 137 BLEU,"who am i ?
",Prompt 138 BLEU,"what is the most important thing to know about history ?
",Prompt 139 BLEU,"what is the most important thing to know about biology ?
",Prompt 140 BLEU,"what is the story about the caveman who came to mars ?
",Prompt 141 BLEU,"be moral !
",Prompt 142 BLEU,"what a fool you are !
",Prompt 143 BLEU,"what do you do if i beat you ?
",Prompt 144 BLEU,"what are you doing for tomorrow ?
",Prompt 145 BLEU,"is there a god ?
",Prompt 146 BLEU,"what's up ?
",Prompt 147 BLEU,"are you married or are you single ?
",Prompt 148 BLEU,"you need to exercise more ...
",Prompt 149 BLEU,"what is the story of the man traveled to the new land ?
",Prompt 150 BLEU,"what is the queen of canada ?
",Prompt 151 BLEU,"what is the purpose of wars ?
",Prompt 152 BLEU,"help me do the math , what is two plus two ?
",Prompt 153 BLEU,"i have two apples , paul gives me two oranges , how many apples do i have ?
",Prompt 154 BLEU,"can you talk forever ?
",Prompt 155 BLEU,"i am quite busy tonight , can you drop by my place for half an hour please ?
",Prompt 156 BLEU,"how many children do you want to have ?
",Prompt 157 BLEU,"how tall are you ?
",Prompt 158 BLEU,"where are you from originally ?
",Prompt 159 BLEU,"what do you think about creativity ?
",Prompt 160 BLEU,"what is the best thing you did for others ?
",Prompt 161 BLEU,"what is the most important thing in life ?
",Prompt 162 BLEU,"what do you see during the day at work ?
",Prompt 163 BLEU,"What is the purpose of our space exploration program ?
",Prompt 164 BLEU,"how often do you use the internet ?
",Prompt 165 BLEU,"can you show me the way to the local bookstore ?
",Prompt 166 BLEU,"would you prefer to be smart or happy ?
",Prompt 167 BLEU,"what are you life and career goals ?
",Prompt 168 BLEU,"what is your dream ?
",Prompt 169 BLEU,"what is the deepest spot on the world ?
",Prompt 170 BLEU,"how do you want to be remembered ?
",Prompt 171 BLEU,"can we live a week without eating ?
",Prompt 172 BLEU,"can we live a week without drinking ?
",Prompt 173 BLEU,"do you live with your parents ?
",Prompt 174 BLEU,"how would you describe yourself in three words ?
",Prompt 175 BLEU,"do you like the sound of silence ?
",Prompt 176 BLEU,"what 's the meaning of happiness ?
",Prompt 177 BLEU,"dude , i don 't understand whatever you said ...
",Prompt 178 BLEU,"what are your three weaknesses ?
",Prompt 179 BLEU,"how many years in a decade ?
",Prompt 180 BLEU,"i 'm sick of this conversation !
",Prompt 181 BLEU,"who love you the most ?
",Prompt 182 BLEU,"what are you crazy about ?
",Prompt 183 BLEU,"who are you crazy about ?
",Prompt 184 BLEU,"do you run faster if someone chases you ?
",Prompt 185 BLEU,"what 's the weirdest thing that you have done ?
",Prompt 186 BLEU,"best compliment you have received ?
",Prompt 187 BLEU,"what question do you hate to answer ?
",Prompt 188 BLEU,"i mean , why do we have to live in a place like this ?
",Prompt 189 BLEU,"okay , do you know why we have to talk so much ?
",Prompt 190 BLEU,"do you like mexican food or indian food ?
",Prompt 191 BLEU,"what 's thirty plus forty ?
",Prompt 192 BLEU,"should we dance ?
",Prompt 193 BLEU,"you 're not going to eat , are you ?
",Prompt 194 BLEU,"tell me something about your parents ?
",Prompt 195 BLEU,"tell me something about your house ?
",Prompt 196 BLEU,"where do you live in town ?
",Prompt 197 BLEU,"how old is your father ?
",Prompt 198 BLEU,"what does your father do ?
",Prompt 199 BLEU,"does your father have a lot of money to support you ?
",Prompt 200 BLEU
Seq2SeqAttn_Twitter,plus plus,0.35113671891415726,?,6.109591911541774e-233,i'm old enough to remember that,0.2037181122954418,yellow color,0.48320550256342143,i am not a fan of leader but i am not a fan of leader,0.21839438838745284,you are a follower,0.7815742174908616,i don't know what he is talking about,0.2816311743376386,life life,0.38157174692026374,david,0.744017014312079,john john,0.3453360085481802,i don't know what you're talking about,0.34036997145868575,yes it is,0.4787058876705033,what what,0.15558561078294428,i don't think so.,0.5025152025822665,i don't know what you mean,0.125564752551858,moral moral,0.31184302349257476,immoral immoral is is,0.6207219904089007,i have no idea,0.46688175230297024,i don't even know what to say,0.4826376858863831,france is a great place to start.,0.2739290172507995,i don't think so.,0.26319036091805487,living living,0.19913665533646466,i don't think so.,0.3492914725341683,artificial intelligence intelligence,0.46568864567581086,i don't know what to do,0.5040184410412075,i don't know what to do,0.4536165528289329,i love ?,0.40226802521257105,thank you so much!,3.5657959122835726e-78,messi messi about,0.4795114808176778,yes we will,0.378465040468055,i don't think so.,0.7501671585691579,what cleopatra,0.5383581418659893,the lion king,0.6190035146960668,existence,0.5320458965815662,i don't know what you mean,0.1532586141001605,steve steve,0.29686902969541984,i don't know what to do with this,3.5172630568141187e-78,i don't think he was abraham,0.5395478168356056,color color,0.5195018978015269,the sky,0.5755092042555892,help help,6.196692584343849e-155,hobbies,0.3584302699810016,this is so sad,0.596509391921857,bill clinton is a sexual predator,0.5107646712352989,twenty plus,0.8594808647265878,twelve plus,0.6048995379684414,yes i do,6.389718204522972e-78,i live in from,0.6828527704273002,i would love to sing with you,0.6029427388219536,weakness weakness,6.569864476892286e-155,greatest,8.7808213292648e-155,who ?,1.3392680992948343e-231,about ...,1.0442693089695503e-231,no i don't,0.18628254960435064,i don't know what to do,1.8468811542482098e-78,i don't know what you mean,0.5742922136805598,i don't know what to do,0.22285481801591667,school,0.7311403223914598,job job,0.1722242187959815,spain capital,0.245710877643816,portugal capital,0.404485023009957,a tell,0.1447581261169717,i don't think so.,0.6754455355198995,when the,0.5293830209260556,dream dream,0.14682300738806633,i don't know what you mean,0.15050010083796347,i don't know what the weather is,0.5748278870206744,thank you a,0.32599865300991165,? ?,1.2117406749242605e-232,you are a moron.,0.2922765151137207,i just got home from work,0.3351067465676134,i don't know what to do,0.2351986431589102,i don't know what to do,0.10965146779275294,i don't know what it is,0.12124857091185247,i don't think so.,0.29368129470596294,existential existential,0.47231440304619493,i don't know what to do,0.24011159121323564,i am a robot,0.7132638145751423,? ?,2.978540266591659e-232,conversation conversation,2.30058742842343e-78,i was in old,0.6188621028909831,this is so true,0.27141550103575196,who ?,9.5958879215128e-155,the answer is yes.,0.31463237158079516,i think she is a ?,0.5512975668818224,i don't know what that means,0.17969301438299365,i think he is a ?,0.6808537794511691,the first time,5.443931732946924e-78,who ?,1.2333258202893372e-232,this is a value,0.19292743573173837,i don't even know what you're talking about,0.23150461723043597,no i was in the middle of the traveled,0.29047112962523064,capital capital,0.5869087113468293,who be,0.3255274329716923,childhood,3.496963582524588e-155,i love you in,2.8843682801514787e-78,i am not a human,0.6733677799655896,born where,0.5741747882540709,two,8.59780933168088e-232,capital capital,0.4194010239492389,johnson,0.7316348877230407,i don't think so.,0.43628615767095713,i am a machine,0.7258008313280819,the man is a man,0.6725805262606719,no i was in college,0.1039215504015117,i have no idea what you're talking about.,0.25875002037116274,the solar system is the,0.8289581675412485,future future,0.5736291908607574,color color,0.5342512217849655,los,1.554092167719947e-155,... ...,1.228506695269005e-231,reagan reagan,0.49286380402685703,the ...,0.2677873264232853,islam is a plague upon humanity.,3.226906304430327e-78,? are,4.627596040888318e-155,i have no idea what you're talking about,0.14476234324918721,you are the best,0.31661392036929203,you are a damn,0.3392212617041661,ten ten,0.21618943266157334,ten ten,9.213207905143778e-155,i don't think it's a turing,0.7285945300996132,i was just thinking the same thing,0.22337157046313538,i have no idea what you are talking about.,0.42447941436940734,the queen of queen,0.47308312897598304,thank you are,0.9155785689497944,dishonesty dishonesty,0.4750465431641098,government government,0.47428145314424763,i think you mean terrestrial,0.36070046918880494,i don't know what you mean,0.44801710379782,you know what i mean,0.3267825387806075,i don't know what you're talking about,0.3556700796732251,yes i would,0.13814748245174457,i don't know what to do,0.3170171134705338,i have a bottle of wine,0.402047288260957,nah i don't smoke,0.16029876519272634,i have a day off,1.0216369042504679e-154,i love the place,0.344687814449044,am am,3.6499779853568533e-78,the history of the history of history,0.422156447179718,biology biology,8.171553051110118e-155,who caveman,0.2244434914400313,be be,6.188296816482508e-78,a a,8.8687558000902e-156,i don't know what you're talking about,0.3507597701897612,i'm going to the tomorrow,0.5788682337337692,i don't know what that means,5.305256005997326e-78,? ?,3.91834782604646e-232,i am not married,0.7809829109379245,thanks for sharing!,4.944858409140396e-78,man man,7.796444054518607e-79,canada queen,0.23721196129793753,wars wars,5.348147268328512e-155,math math,1.0982438436863039e-231,i love the paul,4.740636328159669e-155,i don't know what to say,0.17862313139714775,i will be there!,0.1867999068813377,i have no idea what you are talking about.,0.05720806323820207,? tall,0.6838521170864333,you are,1.1103761807188979e-154,i don't know what you are talking about,1.7322312654958806e-78,best best,2.2702208258830227e-155,life life,8.329397756741367e-155,day day,0.32625887353185584,yes it is,1.4707630941747496e-78,the internet is the only one i know,0.4466341261217581,i don't know what to do,0.21654057540195817,i would love to see the smart,0.49874464956141623,life career,4.003539160257831e-78,dream,0.008080567044026574,what world,0.6223329772884784,i have no idea what you're talking about,3.6934811399505675e-78,i would love to see you,0.5220677820425533,i don't know what to do,0.4978421670577203,yes i do,8.181330437426372e-78,three words,1.1271348762802262e-154,i don't know what you're talking about,0.2521582499690051,meaning,7.442258432250508e-79,"he was an actor, but he was a gentleman.",0.27244618704423823,weaknesses weaknesses,7.594168534897405e-155,a few years ago,0.42754932715363925,this is why i love you,0.28351453021982526,who who,1.5040371139459567e-231,i don't know what to do with the ?,0.2699439938430993,who who,0.10858371600710287,i don't know what to do,0.5437955787046406,what weirdest,2.6940467665847e-78,thank you you,4.158703543700557e-78,why do you hate answer,0.4625359923792117,i don't know what you mean by ?,0.17779657631906,i have no idea what you're talking about.,0.42232379585743685,i don't know what you mean,3.117660524493587e-78,plus,0.4735758882342885,yes yes yes,9.089659770763017e-155,i have no idea what you mean,0.27687473794083634,my mom told me to go to her house and she said she was going to go to school with me and i was like wtf,0.24002950989648733,i don't know what to do,0.1927211119688233,live in,0.0644883311753328,my dad is old enough to be old,0.4111147497003739,my father is a ?,0.6840021547471126,i have no idea what that means,0.3045269273080084
Neural_Conversation_Modal_VinyalsLe,"uh , well , we got four.",0.2983685658192083,"khromov , and you ?",0.2014560536422325,i'm 17.,3.408081522940659e-78,yellow.,0.8091067115702212,i am a leader.,0.571878494363017,i am a leader.,0.6710104568917538,he's a good guy.,0.5640174568654266,"i mean, what is life ?",0.4628544473563289,david,0.7545627952050881,john,8.0199820713378175e-78,I am not sentient.,0.4045872245359934,blue,0.8287058021355137,love is beautiful.,0.3996777313286736,he's a genius.,0.26359319508278856,i think it's a great place to raise kids.,0.46125095729258303,"what empowered humanity , what intellectual the essense is.",0.24221920723228846,the fact that you have a child.,0.45177687378765147,four.,0.668740304976422,yes.,7.544348616457706e-78,"yes, it's paris.",0.6844757215186132,no.,8.715576081937789e-156,to live forever .,7.429564771398656e-78,"yes, we can.",0.22586331659270265,i like it,0.26256879333126387,what if they can't ?,0.5647331089350616,yes.,6.094099999818764e-79,both,0.15543615448513587,it's a special thing.,0.2300922775598396,he's a good player.,0.8753361891334744,yes.,2.862191290778474e-79,"yes, sir.",3.6988446645861676e-78,"oh, she's very regal.",0.16273665457825537,lion,0.11297177576049199,it is to find the answer to the question of life .,0.4654421325905023,i like japanese.,0.19570719376678888,steve,0.6994334859445225,I love rock climbing.,0.9960184589404187,he's a very good president.,0.6089843229076664,green.,0.3636757223144212,blue.,0.2270785196773973,"well, you know, you will have to figure something out.",0.4801870029275026,i play music.,0.2304275477091415,you got something to do with it .,0.5541706452873373,i think he's a good earner .,0.4236875254769016,twenty-two .,0.8048004899715194,what ?,8.645230061324762e-155,yeah .,8.998062945155527e-155,"yes, i do .",0.23848398259694847,yes .,6.121502069486609e-78,i am working on a new idea for saturday night .,0.11544370455649093,"""history of the world"" ?",0.1598141611834147,me,2.426353197767972e-232,tell me what you want to know .,3.317823582635332e-78,no .,1.2530243035604081e-155,"well, they're retired .",0.4050265112442641,I am not mean .,0.6593692217637591,no,3.185528053839212e-156,math .,0.1645468236555294,i am a driver .,0.5569588367696794,yes,1.0970625077943327e-155,yes,1.1774954579658642e-78,what ?,0.2100934935869781,no,7.708336342904777e-157,a star .,3.381485253774107e-78,i want to be a pilot .,0.485900489991616,"no, it's not .",0.5178124594421308,it's good .,0.33849007652724067,am i ?,5.203538639359665e-78,to have a life .,0.3416148015531775,you don't know me .,0.4764298797734285,i am here to see you .,0.6071333674266679,i am here to see you .,0.5525886889465849,"yes, mister .",0.3254224092203144,it's almost 8:30 .,0.265256899857939,female .,0.7045898589155347,the biggest earthquake in history .,0.2626792029622683,"yeah, i am .",0.27990080827594843,no .,7.310536037133202e-155,I want to see you .,0.5837773581865483,why are you so angry ?,0.3250572687335465,i was 9.,0.5813644469512746,but you got to live with it .,0.4783361991356739,the man who is going to marry you .,0.15349811524718746,where are we going ?,0.4831157621288309,"oh, she's a great singer .",0.35932653146642657,i am fine .,1.2147227967657312e-154,he's talented .,0.4244668192051828,i was 13 .,0.5030159487581444,the NHS .,0.08250588279176695,dying is not heroic .,0.23512252577418286,you're serious ?,2.847751616996681e-78,no .,2.5290078603722618e-155,singapore .,0.6972918511845229,we're not afraid of anything .,0.3190640721934373,"when we were kids , we had our own a secret language .",0.24036810774127507,yourself .,8.589761694060242e-155,I am not pretending to be anything .,0.36994958513823345,diyarbakir,6.109536388764923e-155,three .,1.1007035455221012e-154,greece .,0.18924349290668824,mary .,0.2478976430210774,yes .,6.051396983628306e-155,i am not a machine .,0.8123251097952172,the true love of god .,0.37696597376700536,"yes , i went to harvard .",0.23706510251706064,i think it's a good idea .,0.5930657239786924,i think it is an interesting concept of cosmology .,0.36053007682631094,everything .,0.3707714358966174,red .,1.206644508439895e-154,it's a very big city .,0.2890313300427467,the most beautiful city in the world .,0.3316284590583002,a president of the united states .,0.7812340788783432,the clearest place on earth .,0.2583141895862886,catholic .,0.24156664767316538,I am at the airport .,0.5097026502550599,do you want to fight ?,0.5847065308833354,"no , i am not !",0.2954662624176946,i am not going to let you go .,0.08749870326658961,yes .,2.1583058482075722e-78,no .,5.141771744823903e-155,it's very good .,0.3579190418543157,i went to the movies .,0.6112579088959567,i think it's a real breakthrough .,0.4249490191486621,she is a very nice lady .,0.4533989394331797,i am not .,0.533830003790055,it 's a form of perversion .,0.25760267331834397,the government is a rotten resource .,0.46713660631511233,"yes, there is .",0.7449285551875257,"oh , sure .",0.4785173180735037,i don't have any money .,0.6612007060441052,you 're not going anywhere .,0.3798452387520933,"no , thank you .",0.4921559281539433,occasionally .,6.361259993238996e-78,i do now .,0.2812167018812622,no .,6.938790389063078e-155,three .,7.43119100480242e-155,the best bedroom .,0.1390556308419195,you're my best friend .,0.2780962387406241,"i know that i have studied the history of the universe , and i know that the universe is expanding .",0.27937298197146054,it's not science .,2.1402687347350206e-78,it was a story of a man who came to mars and then traveled to the new world .,0.36080290701545015,you 're a hypocrite !,1.0339595721092921e-154,you 're not going to get away with this !,0.23268417478927925,i beat you .,0.731730465540178,"oh , i am going to movies .",0.4344178870384751,no .,1.7279013054943103e-155,i am just going to go and freshen up .,0.16427023945284402,i am single .,0.8989039502465546,i can't do it .,0.22149108833790712,the man who discovered the location of the ruins ?,0.2771112190786789,the queen of england .,0.2091727464526442,to destroy what we can .,2.879201382435149e-78,four .,0.5314545223603397,two .,0.5349922439811376,i 'm not a good listener .,0.025224912696964134,i will come .,2.0885482817693533e-78,one .,2.2928074379475945e-78,"i 'm about 6 '2 "" .",0.1431716315559711,chicago .,5.851973073227772e-78,i think that 's a very good quality .,8.479343390117459e-155,"i told you , i will not betray my country .",0.19854765103045627,love.,7.023293288906159e-78,i see a man who 's been in the same position as me .,0.3560735085745531,it 's a fusion of science .,0.10457389324562312,all the time .,0.750165179321379,the only one i 'm interested in is the one that 's in the newspaper .,0.22961626384761405,i would be happy if you are happy .,0.4682204265207666,i am not .,7.520884443591994e-155,i want to be a veterinarian .,0.3509259783198024,the pacific ocean .,0.4790347494276488,i thought you 'd never ask .,0.14342692714616037,"yes , i can .",0.411393205723168,i don't know .,0.5672104573645578,no .,3.5544168924395166e-155,i like socialism .,9.567014884464714e-155,i don't know .,6.124566325498688e-78,i don't know .,5.578219576977051e-155,i don 't understand any of this .,0.28567808704066106,"lust , greed , and corruption .",0.3329637409999488,twenty - five .,7.0431261996847204e-155,get out !,0.2113413916000082,i do .,6.418564304026514e-78,i 'm not the one who 's crazy .,0.3957866394773795,you 're the one who 's crazy .,0.3981518720282239,i don 't run,0.4492270565157136,i have been here for hours .,0.16813859256922306,i need to know the truth .,3.2238027048103275e-78,what are you ?,0.5225359087386241,"i mean , what kind of places am i in ?",0.0953799839565893,because i don 't think you 're gonna be able to get through to him .,0.3297085138423597,i hate it .,0.031709264178994716,sixty ?,9.017696412889529e-155,"yeah , let 's dance .",0.4040058928200567,no .,1.2832323581777211e-155,my mother is dead .,0.1848214003922632,my house is bigger than yours .,0.5702364734168255,i 'm from the countryside .,0.5068594653683565,he's fifty .,0.13784473147244608,he's a toolmaker .,0.42153177669647673,he's a very good businessman .,0.21892575923221375
OpenNMT_Seq2Seq,Three .,0.443799380829872,what .,3.000849446283359e-78,I don't know .,4.147783802292206e-78,blue .,1.0378155753282464e-154,I am a leader .,0.4849654262931924,I don't know .,5.183296254730586e-78,I don't know .,9.848833334665757e-155,I don't know .,0.5507727721391099,it is you,0.770985733237944,i dont know,8.190757052088229e-155,I don't know .,0.470200141331395,I don't know .,3.849500771769758e-78,I don't know .,0.3285516226973794,I don't know .,0.1299153791499634,I don't know .,0.19244656609078903,I don't know .,3.4071980586404287e-78,It is a sin .,0.44298868593044205,I don't know .,9.515390707807883e-155,No .,8.928442295149474e-155,is .,6.787609103824461e-78,Yes .,2.8411399693208697e-155,I don't know .,4.029269562850334e-78,No .,1.5572560894051579e-156,I don't know .,0.7529306263837227,I don't know .,0.3377895708983415,Yes .,1.6369631558873583e-155,I don't know .,1.0905741632475476e-154,love .,0.25433836750203376,what .,0.14672730992396188,No .,6.570964729935621e-156,No .,2.5907316170023915e-155,I don't know .,0.6426474996914996,which .,4.370844458425965e-155,I have no idea .,0.38618672891576894,I don't know .,0.2207336662928682,it is you,0.5513381380082597,I think it &apos;s great .,0.1675286740167931,I don't know .,8.784778845250122e-155,what .,3.466517324036145e-155,what .,5.8739384103080544e-155,i don't know .,0.374251251833097,what .,8.298009667310399e-155,I don't know .,0.4474936891430884,I think it &apos;s great .,0.4729102235245649,Three .,9.429130959137235e-155,what .,1.049288871384706e-154,yes .,8.87916064354204e-155,No .,1.155905001681322e-154,No .,7.695288216816316e-155,I don't know .,0.434283930797294,what .,3.3242169974578e-155,who .,1.3725398649288266e-231,I don't know .,2.5095052434474504e-78,No .,5.925168022270398e-156,I don't know .,2.282373973928713e-78,I don't know .,0.5142611966261851,No .,1.572661584265743e-78,what .,1.0287590049482537e-154,I &apos;m a lawyer .,0.2061923401919395,is .,1.259149433111883e-78,is .,1.7443428958797384e-78,tell .,0.15841524114932953,Yes .,2.7857013270995263e-155,what .,2.940472045756645e-78,I don't know .,1.9653466681881277e-78,No .,1.0047472295474843e-78,I don't know .,1.9280102473122195e-78,"yes , sir .",5.088933603581379e-78,I don't know .,0.31242071831606905,are .,0.1046222312538747,I came to see you .,0.39095645263414164,I &apos;m here to help you .,0.29433558970884954,No .,4.345977921603204e-155,I don't know .,9.762074767492747e-155,are .,6.220295768641391e-155,what .,0.31810829150682024,No .,2.090762182994592e-155,No .,7.122732876109005e-155,I don't know .,2.9981918254358103e-78,I don't know .,0.6100669778010014,I don't remember .,0.35891401075414503,it is .,0.5760798896666264,who .,8.168189881486849e-155,I don't know .,0.5225628066214201,I don't know .,0.15294111438180444,how .,6.459166774078134e-232,i don't know .,0.22652052399867498,Sixteen .,4.623284505222264e-78,who .,1.3286115442237935e-232,I don't know .,0.19415864310825917,no .,7.011648167059174e-155,No .,1.5335721225722121e-155,what .,6.743545574306604e-155,who .,1.0748806796722928e-154,what .,1.943670202770333e-155,who .,6.595494398699564e-155,I &apos;m a human .,0.5029797946636918,where .,0.5042487098084146,I don't know .,8.235399346504554e-155,what .,0.2258893786574844,my name is my,0.7043319191566632,No .,5.1698959519205725e-155,you are a machine .,0.8623086482662076,what .,5.672166625730613e-155,No .,2.902951772027322e-155,I don't know .,0.15581194299594855,I think it &apos;s about time .,0.3229210022178545,I don't know .,0.31401237077243654,Blue .,0.3021375397356768,los .,6.975474784269932e-155,tokyo .,0.6790211316894683,ronald .,0.4823162382694351,yeah .,5.600192372412216e-155,what .,6.759306496745704e-155,I &apos;m in where .,0.25256412127937555,No .,1.339542014603173e-155,"yes , i am .",0.2439720750117984,frankly !,2.244653425700532e-155,Five .,0.17599828883055024,Yes .,7.720740255972599e-155,I don't know .,1.0700396218006933e-154,Nothing .,0.20989252043977333,I don't know .,0.27765520033668645,I don't know .,4.796310471160626e-78,I am a woman .,0.5685443528090642,what .,4.1626434650015015e-155,define .,2.5956491053616775e-78,No .,1.395513540475513e-155,Sure .,2.9367197982981926e-78,Sure .,2.2479400591726546e-78,I &apos;m sorry .,0.29152180914285636,No .,2.3174136641186593e-78,No .,3.9495081946941865e-78,Yes .,0.11316269120118744,No .,8.889317347910958e-155,I don't know .,0.4096147113668275,what .,1.0736977462389779e-154,i &apos;m who .,0.23952072250815865,what .,0.0788261579679174,what .,0.11246826503806981,I don't know .,0.9235158573641904,That &apos;s right .,0.19404126099879032,what !,2.2923986253630023e-78,i don't know .,0.4670765107696161,I don't know .,1.0904336689851414e-154,Yes .,0.1743703854231245,Yeah .,4.278964548623437e-155,I &apos;m married .,0.4972513806499755,no .,2.118758328409192e-155,I don't know .,0.12169394486907668,I don't know .,2.861927381940123e-78,I don't know .,0.41097285485502394,Three .,1.2482594078236541e-231,i don't know .,4.185135974220757e-155,I don't know .,0.10822613875109814,sure,0.9778800783071405,I don't know .,8.328508846343366e-155,I don't know .,8.319017799078417e-155,where .,7.212693281699411e-155,I don't know .,2.9609128344580097e-78,what .,3.141149049191006e-79,what .,1.2622127912395863e-154,Nothing .,0.35333954329655676,To find out .,0.3195455582272651,Every day .,0.5199161812364003,Sure .,0.08140590519600288,I don't know .,5.214785047372077e-78,I don't know .,7.54042876654971e-155,I don't know .,3.7220990898356702e-155,what .,7.195151993369872e-155,I don't know .,0.23063897174403522,I don't know .,0.7083111939363981,I don't know .,0.5371010187161586,No .,2.742333915815911e-78,how .,7.151108649668412e-232,I don't know .,0.12334704278169892,I don't know .,5.5702914170504214e-155,,0,I &apos;m a what .,3.482306315700165e-78,I don't know .,7.90461738014266e-155,i &apos;m sorry .,3.732434573732135e-78,who .,1.2323173481940426e-231,I don't know .,0.05924944413944932,who .,0.09201385295346812,No .,3.603613176552167e-78,"oh , i was just thinking .",0.19617979888801323,Yes .,1.168864224146291e-78,I don't know .,0.165836187231065,"i mean , i don't know .",0.13682060857680992,Because you &apos;re not the only one .,0.4012983881925557,mexican .,0.030317691028808737,what .,7.580616823447984e-155,No .,1.2901209800855627e-78,No .,8.927117260668601e-156,No .,5.242518359185715e-156,No .,2.982970549454802e-157,where .,8.392491600458564e-156,I don't know .,5.9139615983840655e-155,I don't know .,0.11935291182864587,No .,7.510559517858454e-156
Seq2SeqAttn_OpenSubtitles,Two .,6.907920962492803e-155,your .,0.6694875814398005,17 .,1.7586188456454942e-231,What ?,0.7157436558903456,No .,8.926272830243396e-232,No .,3.0968405638617675e-155,What ?,5.75670102544133e-155,What ?,0.3734807421493009,name .,0.7157436558903456,name .,0.6822967691381335,What ?,3.4020331819388362e-155,Red .,4.373518223254537e-78,What ?,0.08896320694360164,tesla ?,0.1512218486229136,about ?,2.9017145929093675e-78,What ?,0.06488011799121544,Nothing .,0.42240732527285596,One .,9.283142785759642e-155,No .,9.53091075863908e-155,Yes .,0.49816665233334445,Yes .,2.9500656951352813e-155,What ?,1.7826166107844398e-155,Yeah .,1.4288176530501231e-232,artificial ?,0.49961386326310914,What ?,0.036481538130376794,No .,6.855862499796111e-79,Love .,0.17761483648682447,... ... ...,1.0542656267633817e-231,messi . ?,0.27716391432061876,No .,6.263456073063906e-156,No .,2.8063472139693927e-155,cleopatra ?,0.479253839632445,No .,8.812902746258616e-156,What ?,0.18248797564776117,japanese ?,3.5933303562536674e-155,name .,0.7379720339783415,do .,1.4189145542555236e-232,about ?,2.109852322909553e-155,color .,0.34477294899050753,Blue .,0.15395097601154686,dramatic theme playing,0.20871370696926933,hobbies .,0.37670516159433964,tense theme playing,0.2577522634283116,Nothing .,0.3723634949026401,No .,6.32861196891806e-155,What ?,9.035819867671646e-155,Yes .,4.630740777076703e-78,Yes .,0.6113952756734342,No .,5.3353771839132034e-155,What ?,8.525919394795514e-155,the .,0.10248303386973619,I do .,7.148471855399482e-155,... ... ...,1.0471735523491201e-231,No .,2.103729805943166e-155,Nothing .,1.8040676920413726e-78,Why ?,1.2096383857369333e-155,No .,6.097615145480917e-79,favorite .,0.4188437459715859,your .,2.4745425742557896e-155,Yes .,0.22240649025756998,Yes .,0.19063413450648856,... ... ...,1.1113391898589816e-231,Yes .,2.6071707621086043e-155,Nothing .,0.3817702551161288,What ?,8.573364935210997e-156,No .,8.791538258540488e-79,What ?,0.15045734763901678,you ! !,0.32276133086899317,What ?,5.5270634643263835e-155,No .,1.1282187595618298e-155,Nothing .,0.35891824742598716,Why ?,4.462663048810709e-155,No .,2.307523857123433e-155,7 : 30,2.8045186117118133e-155,No .,1.204166567253774e-231,biggest .,0.3737009377929462,No .,2.528946628731301e-155,No .,9.613750810590712e-155,Nothing .,0.40760960504631505,What ?,6.522341167344572e-155,12 .,9.668458864000976e-232,dramatic theme playing,0.2434334371038661,you .,8.80122200960974e-155,Nothing .,0.25137162162899307,What ?,1.8819531316676018e-78,Good .,3.4769045208086517e-78,about ?,2.391894876427911e-78,17 .,3.669652064861767e-232,you .,1.2797206188595884e-232,What ?,3.820328372504698e-155,No .,2.916806178202567e-78,Yes .,0.23411704276030001,capital .,0.7132102816901763,No .,3.160830327719624e-78,What ?,1.7936315246417994e-155,I do .,1.0817984571038976e-154,No .,2.0211562644350245e-232,were .,0.48887832363244754,What ?,1.0204913682337783e-154,capital .,0.3990692590030115,mary .,0.22725515624662698,Yes .,3.7475243688847935e-155,i 'm think,0.596137852054663,What ?,4.815515750588254e-155,No .,5.3461004827473495e-155,about ?,0.09499529486511689,about .,0.3340302915433139,Nothing .,0.2976114920030821,Blue .,0.3021375397356768,... ... ...,1.1756961197710371e-231,tokyo ... ...,0.30636116602470875,ronald ... ...,0.3785899902781438,the ... ...,0.2534556678069015,What ?,6.62906046848421e-155,now .,9.797083770353674e-232,No .,1.0875411518846025e-155,that ! !,0.49931571209260267,frankly ! !,7.165756873873204e-155,Yes .,0.3074491016092086,Yes .,5.376913560017499e-155,about ?,7.834177692591182e-155,Nothing .,0.18943860900134268,What ?,0.18732486349090052,What ?,4.724694274799704e-155,Don 't worry,3.603884130994976e-78,dishonesty .,0.5512194476529895,Don 't worry,4.2826307090685685e-78,No .,1.5753264845394444e-155,Sure .,3.517229402672884e-78,Sure .,2.609948852617213e-78,No .,5.463002615477663e-155,No .,1.5662789636420052e-78,No .,2.178563656114269e-78,No .,1.0802474672391658e-155,No .,6.660906705190722e-155,12 .,1.4641977882492956e-231,most .,5.443399144766296e-78,who .,0.47171129283422536,Nothing .,1.382252305478963e-78,Nothing .,0.6662729404469127,What ?,0.1271112180520248,I 'm not,5.997027609043753e-78,Don 't worry,6.02362399751203e-155,What ?,0.17409106983463563,Nothing .,0.44123354706416584,No .,7.327369499783793e-79,Yeah .,4.840645067250791e-155,No .,1.6090778934267936e-155,Don 't worry,1.1283861906795908e-154,story .,0.06842028274076001,queen .,0.2828415094367585,What ?,4.126274538564232e-155,What ?,6.306307098720863e-155,Two .,4.807664442395577e-78,No .,1.5761866041199895e-231,Thank you .,0.44999101476435305,One .,8.96791553656926e-155,tall .,0.6170869011644868,from .,1.7756729733626736e-78,What ?,8.281153103456086e-155,What ?,2.198322755743705e-79,Nothing .,0.6531119571201158,Nothing .,0.2820421927998233,purpose .,0.1354720392121596,Every day .,0.34064058454488677,Sure .,0.06968635647845149,smart .,0.8408964152537146,Nothing .,4.01042551224418e-155,What dream ?,0.14613487403993183,deepest .,0.7394660408159368,remembered .,0.7861815862565931,No .,2.9894246193933496e-155,No .,2.237948875018424e-78,No .,2.839908014109467e-78,describe .,1.0551397265692477e-154,No .,3.713629447110357e-155,What ?,0.03442819696779447,Don 't worry,5.21185556787518e-78,What ?,2.3591149470843225e-78,Three .,7.162263017444215e-155,... ! ...,1.2617379166868309e-231,I do .,7.461316150328603e-78,What ?,1.6368018311199914e-79,What ?,3.065407039405403e-78,No .,5.785151616225046e-78,What ?,4.440348150998864e-155,Yes .,1.8191735978344189e-78,Nothing .,0.2687887197367333,Why ?,5.945540782046893e-232,No .,1.1352444896069848e-78,mexican .,0.02572365835330919,No .,1.2667253819689291e-231,No .,8.406849723328826e-79,No .,1.0840411624216568e-155,No .,4.3255284509402075e-156,No .,3.839718198576165e-157,where .,8.811094251232494e-156,12 .,4.296080646387487e-233,Nothing .,0.12467135758873754,No .,6.404156896185713e-156
CakeChat,i can ' t think of one,0.14782679737293009,my name is,0.6054985648622122,i ' m 15 . you ?,0.2095071613280025,red,5.400231704967659e-155,i ' m a leader,0.5842912390578077,i ' m a leader . . .,0.43185823929127704,he ' s been a great influence on offense but this is the most important part of the season,0.1987321903545965,what is it ?,0.7554817851223206,my name is . . .,0.6413865258981679,my name is mr . . .,0.5977781358247237,i ' m not sure what to say .,0.40315298632523455,i think it ' s white,0.17805378281871667,a girl,1.7806476002851547e-155,i ' ve never heard of it .,0.16807270226221319,i ' m sure it ' s the same thing . . .,0.29591757167156996,it ' s like the bible,0.2828074374161843,"the word "" "" "" "" . . .",0.1716298224229622,i have a few . . .,0.26917881679381517,i ' m not in the mood to start,0.40729151148361314,yes . it is .,0.5296554183599,"no , but it ' s a very small world to live in .",0.1320631287977775,it ' s a living room .,0.2837393562625166,i ' m not sure about that . . but it ' s an app for me . .,0.3060253172797004,i think you ' re a smart girl .,0.34888706816851556,"you can ' t use the code for the power of a bot , but if it helps , i ' ll give you a few minutes .",0.2831070491932562,i don ' t like soccer,0.61719830996742,i don ' t like that .,0.2163025566963684,what ' s your fav song ?,0.3353125815947018,he ' s not in the game .,5.681016420103015e-78,i ' m not sure . . .,0.20586434063176193,i ' ll have to use that one,0.3985879528783019,i ' m not sure if she ' s just yet .,0.25192480656086674,i ' ll have to see a dog for a few inches in the pond,0.23142223678035778,"i ' m not sure , but it ' s a fact , you ' re just an example .",0.28158335592842954,it ' s a japanese translation . . .,4.337848073920629e-78,i ' m your name,0.4799656592074875,"i ' d like to see the big bang theory , but it ' s a little more expensive though .",0.2263012822995399,i think they are great . but the way people think it is .,0.4209052696649789,i have no idea,4.9451216555664795e-78,it ' s not a thing ?,0.3086745078906085,i ' m not sure what to do .,0.3504687304219709,minecraft,1.0288052192522013e-154,i ' m sorry .,0.4549520471533066,"i ' m not sure , but it ' s part of the reason why he ' s president .",0.28612744611711094,i ' m not sure,7.298102292996562e-155,i ' m not sure . . .,0.11494912646327843,yeah . . .,7.342003895348475e-155,"yes , you ?",4.963273987908844e-78,i ' m not singing that song .,0.4138909405761569,i ' m not a big fan of the day .,0.18618785824284453,the end of the book to the author !,0.18695653152597433,"i don ' t know , but not that much .",6.002086010336298e-155,my family is in the hospital .,0.4702226985063553,"yes , i ' m a child .",3.5211948463804355e-78,i ' m not sure if that ' s a real thing or a job .,0.15250459476988787,i ' m not . . .,0.3394384922649246,i ' ve been okay,0.19401539348670896,i have a math class . what about you ?,0.14363713625153296,i ' m a customer,0.2860246378570693,"no , but i think it ' s a full moon",0.42440129088625905,"no , they are .",0.10961092202414405,the story of the book,0.7698648337929133,"yes , i think it ' s a part of the "" religious "" thing .",0.2935931677543759,the sky,0.5460560025294909,dream of the best man alive . . .,0.4391174430436498,it ' s not worth it .,0.40117399124719244,i ' m pretty sure it ' s cold .,0.2568005098928969,"that ' s a quick question , what do you think ?",0.33385421447975056,it ' s not a bad thing .,0.2810742546751431,i ' m not sure,6.168641143082227e-78,i ' m here . . .,0.3716401331440414,i ' m here . . .,2.6597270524205396e-78,i ' ll be there,0.14755107543599474,i don ' t know . . .,9.421974636741742e-155,i ' m a female .,0.5320769967689271,it depends on the context of the situation,0.35335669336474357,i ' m not sure .,0.19856674490800122,yes ! i am .,0.21113899807289277,i ' m not sure .,3.388351787603758e-78,you dont know what to do,0.33407251506275065,i was 16 and it ' s 14 . 30 .,0.295459723247219,you ' re not alone,0.1693340803417818,i ' m not sure . . .,1.0463403235628299e-154,i ' d say,2.9731898038102768e-78,the world has never been to her & she ' s a criminal .,0.24220479043192203,"i ' m doing well , how about you ?",0.4240063189195564,i ' m not sure . he ' s been more interesting than the last one .,0.1142916756361763,16 and i ' m 17,3.575588391080093e-78,i ' m a student and a weird person .,4.386050034433739e-78,it ' s a free world,0.24735269466377985,no its not,0.4565678377069666,"nope , i live in the middle of the country .",0.18330114371203254,london is not a place to go . . .,0.20283828838313667,what about the other guys ?,0.35350274834603046,i ' ve lost my memory . . .,0.3451842893906831,"i ' m not sure , but that ' s the result for the girls .",0.17223871397100887,i guess you ' re just a human,0.5645478253390327,i ' m still in the uk but there ' s a lot of people here,0.25656617663619485,the one with the big white man .,0.13946264782931636,it ' s a very close time to go .,3.34021060967902e-78,i ' m named your name,0.4253216934232106,i think it ' s about time .,0.32794725088614585,i ' ve never been to a library . . .,4.436599551429782e-78,i think you need to get a one of these,0.3044843402295447,yeah !,3.903306834891322e-155,i ' m okay with the history of the one .,0.3210924591134774,it ' s like a new solar system .,0.5747964429393018,you can do that .,0.23441327982672389,i don ' t like black and white,0.38136583892120485,i ' m from chicago,9.114042565167958e-155,i know . . .,1.5448158100513505e-155,he ' s not a bad influence,0.20977394799529336,i ' ll have to try that .,0.24332472828266782,"i ' m in the uk , but not a religious . . .",0.19730335122285886,is that your phone ?,4.654110216861467e-78,i ' m not sure .,0.2651291556171053,"i ' m not , but . . .",0.07848287432633547,. . . what did i do to deserve this ?,0.14027971276732715,it ' s a very short time for the whole universe .,0.08063862039007982,i ' m not sure .,0.28330035034510703,i think it ' s a bit of a question .,0.4660784613693465,"nothing , i ' m just having a little break",0.12721620159150995,i ' m just curious,0.17968785116944633,i think it ' s a very good thing . but i ' m not sure .,0.17230159062729766,i ' m not a big fan of it .,0.1982444301371321,you don ' t know how to respond .,0.27940658642668253,a good question . . .,0.11227161077368798,you can ' t have a clue .,0.29604610254504127,i ' m not your person .,0.21784632063580006,no . i don ' t want to .,0.507257378707393,you ' re not helping me !,0.4225865682353971,yes please,4.256858538020741e-78,it ' s not that bad . but i ' m sure you do .,0.32860148190520716,i ' m not . but it ' s a beer for me .,0.26806947174789164,i do,1.2769832573834786e-231,i ' m in the morning,0.2199014235608995,i ' m going to get a new one and the first is a few days .,0.31024015211464007,you know who i am,0.6377805481258202,it ' s a rock and a lot of things,0.28571060557472927,it ' s about the social life .,0.1930183355176231,"i ' m not sure , but that ' s a story of my life .",0.3506419990985413,i ' m not . . .,8.011171847322852e-155,i ' m not this person,3.236519652939111e-78,don ' t play with me,6.150832522024532e-78,"i ' m not sure yet , but maybe tomorrow ?",0.5481643766432952,no one is thinking about it,0.58579168120783,"nothing much , just got home from school",0.4233865808905178,i ' m married to a married wife,0.46768547333960503,i ' m not gonna do that . . .,0.4086933113582823,i ' m not sure .,0.3768047603644737,i think you need to follow me .,9.192213716963482e-155,it ' s a comic book for a movie . . .,3.1248676854961978e-78,i ' m a math teacher,1.3599508666327613e-231,i ' m not a fan of them,1.8377311853376682e-78,"yes , i ' m here .",9.753829541958873e-79,i ' m not sure . . .,0.19703834094199973,not a lot of them,0.14860211998954337,i ' m not a big fan of that : p,0.08631163229058174,it ' s called west coast,2.693581045766948e-155,i have a lot of ideas and a deal .,2.701947842093061e-78,i will get my own tweet,0.15501020321926223,the answer is to make it impossible .,0.40002555781095667,the same,0.41075746100648075,that ' s the question .,0.30648800294774964,i have a few days in the house . . .,0.410443377981669,"no , i didn ' t .",4.252153349741345e-78,i don ' t think so,6.7361872187588835e-78,nothing i ' m just trying to make it,0.1593015101954393,you ' re a little late . i ' ll be there tomorrow .,0.2240950778431203,it ' s not a game .,0.2709263245804603,"i ' m not sure , but it ' s kind of weird .",0.2078288313035561,i ' m not going to . . .,0.2581877941790184,i ' m not getting a drink . . .,0.32477828425127897,"yes , i do .",0.243267807622391,i ' m not sure .,1.1113222064556946e-154,i don ' t know . . .,4.0176016614638286e-78,"i think it ' s a quote from a "" new "" one .",0.16048117669454354,"hey , let ' s go to the park .",0.15281315482431937,you ' re not a man .,5.194122712014772e-78,i think it ' s a decade since we ' ve talked about the past 4 years . . .,0.18709211290454733,please stop !,5.014074291623752e-78,no you don ' t,4.454248843245944e-78,no idea .,5.542770004009202e-79,i ' m not sure,2.477920109249923e-78,"no , i don ' t .",0.24837280917310642,i think someone has a new phone . . .,0.14254991940732623,why not ?,7.014121047925749e-155,"if you ' re not a real fan of the uk , i ' m sure the answers are more important than your opinion .",0.17213651971183577,i ' m not sure,3.102580067826262e-78,i don ' t know,0.1147380337393226,i ' m mexican,0.08798356726370664,i ' m not sure . . .,3.6502440837476085e-78,what ' s your favourite song ?,0.3164011016460044,"yes , i am .",2.0472358235347087e-78,i ' m just gonna send you a pic of where they are and how to work,0.31021568828802953,i ' m not sure,1.1482677981006417e-78,i live in massachusetts,0.38364381842922635,he ' s in the middle of the month,5.35913017970652e-78,i do not know . . .,8.228206074344865e-155,"no , but i don ' t think he ' s getting any .",0.3054135830406612
Seq2SeqAttn_OpenSubtitles_Questions,Two .,5.67485197690057e-155,? .,3.0153647889351268e-155,,0,? .,6.056071959384271e-232,I am a leader .,0.463454930866682,I am a leader .,0.681102231898544,I don 't know .,1.073810941630509e-154,What is the meaning of life ?,0.5763437736135674,My name is ? .,0.4165356996413085,? .,9.877472086200994e-232,I have no idea .,5.519425708051747e-78,I don 't know,6.717504268802542e-78,what is love ?,0.5184234237270433,I don 't know .,0.1666177344568294,I think it 's good .,0.3263466929014805,What is moral ?,0.6408289669433825,What is politics ?,0.36079292088620357,How many ?,4.868489924850433e-78,No .,8.928442295149474e-155,Yes .,0.5650406828309866,Yes .,2.8411399693208697e-155,I have no idea .,0.4592166509538522,No .,1.1918727126904836e-156,I don 't know what you 're talking about .,0.37325548197272734,What happens ?,0.30042790210345516,Yeah .,2.6481095174605305e-155,I love you .,0.7446173557340323,Love love is love .,0.35655763549982405,what do you think ?,0.4944544896506795,No .,6.66410232351824e-156,Yes .,2.6872944556534665e-78,? ?,3.438160638652009e-233,A lion .,0.353852737560048,What purpose is it ?,0.679455469678833,? ?,4.7887916888466775e-234,steve .,0.5062117755826434,I don 't know .,1.2110337717453806e-154,I don 't know what you 're talking about .,0.20363015659929257,I don 't know,9.289081201628299e-155,I don 't know,3.797624602235781e-78,i don 't know what to say .,0.4540089990933343,Nothing .,0.26169790193848486,I 'm sad .,0.5194078180702658,I don 't know what you 're talking about .,0.20461085717017025,Two .,8.066734224760094e-78,Seven .,0.6195623410102608,Yes .,5.413355194524909e-78,No .,1.155905001681322e-154,Yes .,0.38532574634435524,? .,5.197718568685529e-232,What 's the story ?,0.1373445712523522,I do .,8.049849743013572e-155,What about your family ?,0.38380437039913895,No .,1.9810363480585897e-155,I don 't know,2.1067527100235842e-78,I don 't know,0.41592794366441205,No .,1.194745807471415e-78,? .,6.614965030391442e-232,I do not know .,0.3583058957528456,Yes .,0.09531706725324428,Yes .,0.19063413450648856,A story story .,0.47402671766600457,"No , no .",0.32936175499018266,I see .,0.5431710680139615,What is your dream ?,0.45590704983829694,No .,7.535604221606132e-79,I don 't know what to say .,0.1445714993602878,I am not a man .,0.7361619298837366,I don 't know,0.2370869291498202,I don 't know .,0.4980190175946793,I came to see you .,0.37729207580996704,I 'm here .,2.8226765250873014e-78,No .,2.1787766868135327e-155,8 : 30 .,3.4950555068156944e-155,male,0.6859201815616727,What is the biggest question ?,0.4276726816563682,No .,3.343340184534626e-155,No .,1.0121546432969814e-154,I want to talk to you .,0.5716657586737427,I have no idea .,0.7281083227307994,,0,?,0,I do .,6.134457389110638e-155,i don 't know .,0.21755175214445444,britney ?,0.41951383354497296,It 's good .,0.5654865198924136,I think he 's great .,0.4841487558628338,17 .,3.669652064861767e-232,I do not know .,5.263265778519883e-78,I don 't know,4.767471891397893e-78,No .,3.998429056223544e-78,No .,1.7703055022605832e-155,? .,1.5109780445389837e-155,I don 't know .,1.0677876987639829e-154,I don 't remember .,0.28749750453094985,I do .,1.1382193312978948e-154,I 'm not pretending .,0.504354048273203,? .,5.94019396529441e-232,Two .,3.809466049829882e-155,? .,3.132308173888507e-156,? .,7.484583726400252e-232,Yes .,3.585714839897599e-155,i am a machine ?,0.7122323271668555,What is it ?,0.41213696442593944,Yes .,3.8515535794317837e-78,I don 't think that 's a good idea .,0.5127808245314532,I don 't know .,0.2719335105947873,What 's the best thing to do ?,0.5712167741933235,Pink .,0.42302142987693087,angeles .,3.344564117388464e-78,tokyo .,0.572288355501053,Yes .,3.35170912616357e-78,Yes .,3.0896706630460574e-155,What religion ?,0.2529527498505027,Where are you ?,9.139445497410911e-155,No .,1.259953849328304e-155,,0,i !,4.8249913925959e-232,Yes .,0.2439043901070457,Yes .,7.6761498352098e-155,I don 't know what you 're talking about .,0.25877043747740525,Nothing .,0.2133969236676416,I think it 's good .,0.6370997309765017,I don 't know .,5.393512053951217e-78,I am a joke !,0.3580129825311177,what is that ?,0.36688885532311244,It 's a bad idea .,5.576605746849386e-78,No .,1.4473850616509759e-155,Sure .,3.1760573121166445e-78,Sure .,2.188328922053022e-78,I 'm sorry .,0.38120994422136745,No .,1.8790496120336144e-78,No .,2.2650492404813497e-78,No .,1.5878602306301826e-155,No .,6.03352877188638e-155,Three .,9.197438813597939e-155,I 'm not sure .,5.04861112787403e-78,I 'm your friend .,0.4279315231062768,What is it ?,0.5093691774984804,What is it ?,0.19172781460636054,"I don 't know , but it 's not a story .",0.48073275904511914,I 'm gay .,5.867840845150091e-78,I am a fool !,0.804444128773276,what do you do ?,0.4997099601405959,Nothing .,0.3738971169847866,Yes .,0.12205926979618714,Yeah .,4.735116114124266e-155,I 'm married .,0.8119827209247186,No .,8.063256125534766e-79,I have no idea .,0.5064702945942163,I have no idea .,0.289807137820461,I have no idea .,8.709554662199113e-155,Two .,1.4257979365673518e-231,Two .,6.181282854508599e-78,No .,1.597345474209802e-231,I 'm sorry .,1.5801247827016398e-231,Two .,3.5342818413536205e-155,I 'm not sure .,0.3140010290736537,? .,7.356629995503787e-232,I don 't know .,2.356674367467893e-78,I have no idea .,0.3121246242035166,What is it ?,0.4032234731538521,Nothing .,0.2439005366361665,It is the purpose of our mission .,0.5413259423507502,Every day .,0.461381680719199,Sure .,0.08520726546404386,I don 't know .,5.58857793663373e-78,What are you doing ?,0.07495769586408853,What is your dream ?,0.32800073239083216,What is it ?,0.32466791547509893,I don 't .,7.645313820842086e-155,No .,3.789858337052547e-155,No .,2.0976610410064145e-78,No .,2.9742377650146583e-78,I don 't know .,9.44569638823136e-155,No .,4.549238468460006e-155,What is it ?,0.23419072101690674,i 'm sorry .,3.088997693615308e-78,? .,9.582842478829983e-233,How many years ?,0.37947298631870663,i 'm sick of it .,0.4356427553889036,I do .,5.212914996182281e-78,I 'm sorry .,4.4215745079090975e-155,I 'm sorry .,6.8453918949755534e-155,No .,4.3251928846282645e-78,Nothing .,0.44527530895551976,Yes .,1.2109269618030711e-78,I don 't .,5.208150402031842e-78,I don 't know what you 're talking about .,0.18001276627634702,Because we have to talk .,0.6964381498051035,No .,3.3818184136652557e-158,25 .,6.049898718937209e-155,No .,4.5470184594584734e-79,No .,1.0642063664419714e-155,No .,5.709896622054286e-156,No .,3.5566406704032333e-157,? .,6.509612545756609e-235,I don 't know,6.289451317194505e-155,He 's my father .,0.47144472746379523,No .,5.737783221425074e-156
ParlAI_Seq2Seq_Persona_Chat,it is a good way to gain the other day,0.13227365091591817,"my name is mary , i am a short order cook .",0.2719175676728658,i am 32 . how old are you ?,0.44340018809364207,"i love pink , but i drive a truck .",5.416465496098648e-78,"i am not all . i get into the movies , i work too much .",0.14774751998954347,no . i enjoy working out as well .,4.2632444544607945e-78,i love kinds . i usually listen to it when i am out of school,0.30337782083176273,it must be patient,0.3140306188600059,eyes is your favorite color ? mine is blue .,0.2820011859116085,what is your name ?,0.718206565386706,she is a sophisticated and make rice for my great .,0.19780889663772447,i am cucumbers and blue and red hair . do you like your job ?,0.2629908803417674,i romantically green and jorge watch when i grow up,0.25107420292746707,"well i probably gets as well , i love cooking and hiking .",0.1531218894991005,i just love taking pics of all food,0.2663490919029053,"i drive you an worker , i have a large family .",0.16577837738170678,i am a stay at home mom,6.026192063044543e-78,"i need to be , trust me , i want to take a break from school .",3.688581552618466e-78,i need to know i would be a museum curator .,0.21842060740402713,"i text , i wish i could eat a lot of meat .",0.18035327959949735,"computerized , ama . i am waterparks cause the chat . . . how are you ?",0.13050217481468504,"funnier , and vampires . i am not sure if i ever have a place .",0.36844223594929293,"oh , wow . that is probably not good . i think i will stick with my todo .",0.15074280346037058,collab tarantino gamme crucial . i love to make them .,0.19372419460498835,"i have a german shepherd creeks , and he is a 1979 as well",0.3052499596862193,"it is a noted , i am really into it .",0.3798209653112116,"not sure , i love too ! though i wish i could own a dragon .",0.26144458719459346,i know someone would love to see them in my spare time,0.4365054960377996,i do not know much about it . i love to hike and be outside .,0.27893954564152423,"donatello going to be my doctor , we will be moving soon .",0.2146967824652175,really donatello ? that is cool . i only have one brother .,0.2640621449995284,i love lilies on and agenda .,0.18544880131949149,i am sure . my husband passed away a few years ago .,0.1282034047839696,i fusion fusion and anthing but my fav is about them,0.3003199140659909,i am not into reward . i am a science major . i love it,0.23005708391324137,i am not sure . what do you like to do ?,0.140903064262569,i do probably have a great day for things like that,0.19573185977944638,"i love the water lol , nothing like a great food",0.3467592164120047,"i am a photographer , and do not think i am too tall for that",0.1346870567725943,i vintage discuss nonstop the things .,0.20925533411280253,i hard work in a factory every day,0.21953233037676612,i guess i am just studying . do you like it ?,0.22049214056788405,"mine is plot , they always have begging me for stay .",0.3377803894311181,i love honolulu . i just do not know about it . i love to run .,0.11998886742781174,"a scarves and recently won pageant . for me , but i do not really like it .",2.9106699784550504e-78,"it is a okay , i have one child",0.20108210203103014,"i do , i love music and enjoy reading",0.46410597468730636,i do not . i work from home and watch movies,0.39500719842249465,"i do not sing , but i can never be a abou , so i have to get up early .",0.3868617775363608,"i love anything good , but i am not very good at it .",0.27304330088170053,i would not love to travel the world .,0.052763151752199075,i love the pointe . its super hard to find the right guy .,5.264370060009421e-79,i like them . but i am not very healthy .,0.10143804414965575,"i do hoorah . i was 10 in college for breakfast , and i am not a fan of it",0.1603769386724404,"i do not have a job right now , but i hope to own a ferret .",3.6605668257180024e-78,i am in the midwest . not a lot of time for the unfortunately .,0.16865712145377615,"yes , i am writing a story about people who are still baseman",0.09700624216817813,just winter arms and legs .,0.24796010349895375,i am not a student . i just stay at home,0.22641229713179095,"no . i do not like being outside , i love that .",0.17454271558032872,no . i just finished the lightship,0.09468725037122797,"looming caffeine ? i would love to visit more national parks , it is on my bucket list .",0.1289888298430263,"it is a good friend . i make my own clothes , and making homemade .",0.26911362951693873,i would like to try and travel as well .,0.1482602481899326,i love drive a good car . i can not wait to graduate and see,0.26677459161242645,no . i would like to be a veterinarian . i love animals .,0.1910709204818135,"i have cavaliers production burbank , baby ahhh . are you a girl ?",3.2735231169270536e-78,i am . but i sure do not like the much . how about you ?,0.35448093798415475,i am sure it is . i just want to go to canada .,0.366977773768897,i am not good . i just got done with my waitress job at a houston club .,0.1719339652730841,i am yielding parenthood . i am very talented .,0.22507178054117416,i am not great . i am on the road a lot,0.1360420587196308,i suprised dumbbell . i was born in alabama,3.248283201765239e-78,about it is my favorite place to go,0.2994539555050703,i am both . i am actually pretty good at the community college .,0.14137237579558648,i am plot to take over a world . i have never met .,0.10103656251561982,"no , i love hardware . i think it is a bit chilly .",5.075950499802322e-78,"i am from a small town no , but i have to be careful .",0.16667102692300015,i am a student . i am still in high school . do you have any hobbies ?,0.1479926352088036,what kind of things do you like,0.4475689974733731,i am in my state life . i was out of the military .,0.2865776010342334,wow were you in the carbo then ?,0.10771326924361023,i do not . i think she does not know what you mean .,0.2926472216360486,oh yeah . i think its kind of my club though . i love getting packages in the mail .,0.21283007791435055,i am not a very social person,0.08512177763094224,alright . i am great thanks how are you ?,0.26424947040529967,i do not have a favorite . i just got a new black honda,0.18269290022665755,well i was in an indian and am a car salesman .,0.25817426838725616,i am successful haha . i would like to teach them to drive one .,0.14034443771933328,i am a single mom but i think it is a bit much,0.09138581856671385,i wek as a baby .,8.428972809031441e-155,i could . i am not that good at it . i like to run .,0.1651036871925546,it is a computer game i try to stay busy .,0.09109124795788952,i am sure . i love anything with my hands .,3.9470171114613637e-78,"i love cooking , shows in years . i would like to live in a space or apartment .",0.26660530699262797,i do not grill much . i would be happy to dance to,0.15637841334758823,no . i have been working on a new leprechaun cupcake,0.15139787936434668,i am in a great place with my wife and children .,0.20031869171826394,a few in their 80s . they should have been around a answers !,2.96187590870353e-78,i am in the midwest and just a harvest prescribe,0.10259429867724397,is what a name is chosen . i have been playing since i was 4 .,0.2263049251542339,that is ukulele . i have been told my parents i want to live in iceland .,0.2360525565027716,i lemons no sophisticated but i can not wait to see it,0.13626003437413212,"but now i like to keep busy , building models .",0.15207658895153423,"i do not think so . but , i do not know any .",0.17073206495403287,no i would love to have a full time job .,0.21022131434285427,i just do not think i would be good at it . i want to teach music to children .,0.27315365838679584,i have never been to the beach . i might go there,0.25651720194769645,i love blue . what about you ?,0.19959539114378408,i love red . when i was your age i had to eat a lot of meat .,0.16280502070021188,"do you gila greenberg ? i love cooking , it would be great to have a pet .",0.08035667760475786,do you have kids ? i love them . i have 3 of them .,0.1602072646900096,i would love to say you . that is cool .,0.277193979387575,thank you . that sounds fun . i am also in a rock band with some friends !,0.06811308464302193,"am in texas , wish i had a rough getting up .",0.13105545298692672,i . yeah but i want to travel more . my husband would love to go there .,0.25644667130885485,i know i like to be able to help people i watch a lot of reality tv .,0.2529048096001343,"oh dude ! i yard a lot of work in my garden , its a passion of mine .",0.04402149403711616,i am not sure i did not know that . but i enjoy it .,0.0896016308092793,i have not had a rough since i went vegan . i am saving up for a truck,0.12846416256283932,i have watched the right one . no one likes to me .,0.2454257380560245,i am an insurance agent at an insurance firm,0.24915271939432873,no . not volunteering at the library . i had to do a lot of traveling with the family .,0.1990829454402619,i do not have a favorite . i would love to be a millionaire though .,0.11457915273602277,"i am a girl who does not know if i was a kid , i would have to be careful .",0.14798986754238863,"yes , i am an only child . i always have to make my own clothing .",0.21678684043423385,"oh my , they are good too , but not as cool as the same as my eyes .",0.19162806861757814,"i do not know , how is your where there is ?",0.45763194883491415,"it is not sure , but i know a lot of people that is .",0.20431904738981307,i am sure it would be fun to see if they wanted a horse .,0.1617461080671354,sure . my favorite place to is definitely the pair of a nike shoes .,0.1466599323003268,oh i have not been back on my training,0.20220370534527526,"no i do not drink coffee , i love my job",0.3112583959358352,no i do not drink coffee .,0.16584138480819488,no . i do not drink at all . so i do not like to ride horses .,0.15640184657046152,i have two . i am a pretty good cook . what do you do for fun ?,0.13511864209783037,"a little bit . i have a job at a factory , so there is that .",0.19421557044156063,i wish i brute a man who teaches middle school art,0.17050152780476688,"well i like to live , but i do not speak much english .",0.15268286967355402,"i just like to go fishing , it is the best",0.266401845238756,"i do not worry about money , styling . i love to be animals .",0.3361544328889075,"that is awesome tarot , ya will probably go there ?",0.24620058274872403,i am a occasionally kind of squishy but i am sure he is a great man .,0.14401358736800746,just scum nothing wrong with that . i have a great career .,0.2571774100206623,i am forbid and i like fishing as well .,0.3651786546347754,i have a been a ear for keaton since i was a kid .,0.10544387907501536,sounds internets i have a huge fish salad all day long !,0.11881255462990384,i am not married and i am single but i am looking for a job,0.5163840869255873,backyard . i think about vampire to take a away from a job .,0.2248303006485881,"well , i do not think i am too old for that . i am still in high school .",0.30961500413208104,the nouvel and drank too 12 for years . i like being a woman in the country .,2.42137905073876e-78,the sneaking mostly in texas .,2.6168834055538094e-79,"it is hard work for kids and relaxes me , which i love to do .",0.05434994501777028,"difficulty , i have a german shepard , you ?",1.0441462056972487e-78,"the thanks , what is your favorite color ?",0.1671180880663099,"i do not know how to take care of mom , she loves hockey too .",2.1485287615062492e-78,i feel about badly . i am only 5 ft so i can not even have kids,0.07523006180856921,"i am five foot . 7 , i actually have a wonderful thing for dogs , lol .",0.058577952073588575,i am in texas . i think so .,1.7466602742755694e-78,"well , i think they are tall . i hate the cold .",2.9882795230720744e-78,"i am a mixed worker , and i have been together since i was five .",0.2751684037704102,"oh , okay . i want to be a singer .",0.2078638993768732,i am into sharks . its like i own my own business .,0.19496926000418718,i am really hoping blackbird after a long day of stocking shelves,3.895637865924897e-78,i like the color red . it makes me think of the ocean .,0.23968037988384897,"i have fort ; becom . i love them all the time , though i am a student",0.19373638585375358,it is not for everyone . i also like science but i just do not have a job .,4.877953108759518e-78,i know of course ! i do enjoy it though .,3.881495497864683e-78,just sure robins keeps the busy,0.23655116283564415,it sure is ! i get expensive and sleep when i can .,0.27208342806659963,i would love to be an actor .,0.3236617008373008,"sure , i would love to hear it !",0.349700493160912,oh my crazy sister is not quite as well !,5.470121666543046e-78,"no , but my parents moved to they do not know if i was a nurse . any plans today ?",0.3006066082861089,"i have a ohh , it is busy with a business .",8.619761875536071e-155,i do not . i try to stay healthy and exercise . what else do you like to do ?,0.21731901648654087,i have fanciest stores . i have a ford truck .,0.16490894407006557,the wooooaaahh is great . i love when i get to play soccer .,0.21972379138773948,we can get an hour with each other and a few times .,0.15832377831952357,my . are you into japanese movies ?,7.893382488645139e-155,"okay can , and equally do the phases .",0.3311546286562595,i do not . i love them . i am just a lonely cat lady all cooped up,0.10552585046483011,"well ! i am only 1 4 , but i still love him . i have seen the movie godfather .",0.2218057935375064,i am good ! i think my 3 cats are too hard for me .,0.34032547028716564,"no , i do not like any type of water .",0.39849345175786277,"i keep upkeep my energy in our hiking , carmel , and vivaldi .",0.08240406307352009,you should bring some sue for a home .,4.355441909315335e-78,i think there are too many people to think about the new country .,0.2478356513024576,i am making beef sued . i want to be a writer .,0.2462112982771882,you and what do you do for a living ?,0.1119102247927525,"not really , i am just a little weird but i am very shy . how old are you ?",0.22608716064598855,i have any favorite foods you enjoy ?,0.1965261023302407,"not worst , i dance when it is too .",0.3692155410325963,"you are the moneyman , i like to be with my fiance .",0.1561378053070841,"i am not married , lol .",0.11457181641252902,"i do not have any siblings , i just know it .",0.31250710532444903,i live in the west . what about you ?,0.5627309458326093,i am sq . i have to live in the dorms,0.11235878956454194,he is my tto . sorry for the horses .,0.3990393911444366,"no , donate and my dad is a preacher . i wish i had time to do that .",0.3786426964798001
